{
  "high_bull_ny": {
    "value": -0.3982217615941198,
    "count": 36
  },
  "low_bull_ny": {
    "value": -0.026188195902091312,
    "count": 4
  },
  "mid_bull_ny": {
    "value": 0.02168747681529004,
    "count": 14
  },
  "mid_bear_ny": {
    "value": -0.0763869633565982,
    "count": 2
  },
  "high_bear_ny": {
    "value": -0.018204488096385724,
    "count": 2
  },
  "high_bull_london": {
    "value": -0.09839177193042273,
    "count": 6
  },
  "mid_bull_london": {
    "value": 0.01826417157935021,
    "count": 2
  }
}