{
  "high_bull_london": {
    "value": -0.0006281288669186583,
    "count": 1
  },
  "low_bear_ny": {
    "value": -0.0091406770526466,
    "count": 105
  },
  "mid_bear_ny": {
    "value": -0.0051165627691337895,
    "count": 12
  },
  "mid_bull_ny": {
    "value": -0.011020516563249184,
    "count": 29
  },
  "high_bull_ny": {
    "value": -0.006401851130298138,
    "count": 26
  },
  "high_bear_ny": {
    "value": -0.0038046754379499233,
    "count": 8
  }
}