{
  "mid_bull_ny": {
    "value": 0.1579128364368829,
    "count": 13
  },
  "high_bull_ny": {
    "value": 0.1517187722073741,
    "count": 15
  },
  "low_bear_ny": {
    "value": 0.0810584351697388,
    "count": 10
  },
  "mid_bear_ny": {
    "value": 0.04336919955758951,
    "count": 5
  }
}